{
  "project_info": {
    "project_number": "764161211702",
    "firebase_url": "https://fir-demo-a5c34.firebaseio.com",
    "project_id": "fir-demo-a5c34",
    "storage_bucket": "fir-demo-a5c34.appspot.com"
  },
  "client": [
    {
      "client_info": {
        "mobilesdk_app_id": "1:764161211702:android:324e6f40f54b7f5a",
        "android_client_info": {
          "package_name": "com.my.firebasedemo"
        }
      },
      "oauth_client": [
        {
          "client_id": "764161211702-2h5leir0c8pp6s0bpr9bsr4bvj1usdjv.apps.googleusercontent.com",
          "client_type": 1,
          "android_info": {
            "package_name": "com.my.firebasedemo",
            "certificate_hash": "77849a6e49d34f752b04b0a59967db263adc7b36"
          }
        },
        {
          "client_id": "764161211702-8idfntpcm0crvkvquqsbsn4g1dcabc1v.apps.googleusercontent.com",
          "client_type": 3
        }
      ],
      "api_key": [
        {
          "current_key": "AIzaSyAkmBsiOBd7X8EN7mOrmRQ4_OQVngIuLk8"
        }
      ],
      "services": {
        "appinvite_service": {
          "other_platform_oauth_client": [
            {
              "client_id": "764161211702-8idfntpcm0crvkvquqsbsn4g1dcabc1v.apps.googleusercontent.com",
              "client_type": 3
            }
          ]
        }
      }
    },
    {
      "client_info": {
        "mobilesdk_app_id": "1:764161211702:android:33ee312121d4b796",
        "android_client_info": {
          "package_name": "com.my.firstfirebaseapp"
        }
      },
      "oauth_client": [
        {
          "client_id": "764161211702-09pe6v943tjai1ngq3nc6mofa2r03u01.apps.googleusercontent.com",
          "client_type": 1,
          "android_info": {
            "package_name": "com.my.firstfirebaseapp",
            "certificate_hash": "77849a6e49d34f752b04b0a59967db263adc7b36"
          }
        },
        {
          "client_id": "764161211702-8idfntpcm0crvkvquqsbsn4g1dcabc1v.apps.googleusercontent.com",
          "client_type": 3
        }
      ],
      "api_key": [
        {
          "current_key": "AIzaSyAkmBsiOBd7X8EN7mOrmRQ4_OQVngIuLk8"
        }
      ],
      "services": {
        "appinvite_service": {
          "other_platform_oauth_client": [
            {
              "client_id": "764161211702-8idfntpcm0crvkvquqsbsn4g1dcabc1v.apps.googleusercontent.com",
              "client_type": 3
            }
          ]
        }
      }
    },
    {
      "client_info": {
        "mobilesdk_app_id": "1:764161211702:android:c6266c6218a6c301078797",
        "android_client_info": {
          "package_name": "com.my.myfirebase"
        }
      },
      "oauth_client": [
        {
          "client_id": "764161211702-8pv4hl9l0nold9iqf96cukdopbl987jd.apps.googleusercontent.com",
          "client_type": 1,
          "android_info": {
            "package_name": "com.my.myfirebase",
            "certificate_hash": "77849a6e49d34f752b04b0a59967db263adc7b36"
          }
        },
        {
          "client_id": "764161211702-8idfntpcm0crvkvquqsbsn4g1dcabc1v.apps.googleusercontent.com",
          "client_type": 3
        }
      ],
      "api_key": [
        {
          "current_key": "AIzaSyAkmBsiOBd7X8EN7mOrmRQ4_OQVngIuLk8"
        }
      ],
      "services": {
        "appinvite_service": {
          "other_platform_oauth_client": [
            {
              "client_id": "764161211702-8idfntpcm0crvkvquqsbsn4g1dcabc1v.apps.googleusercontent.com",
              "client_type": 3
            }
          ]
        }
      }
    }
  ],
  "configuration_version": "1"
}